entry_ts,entry_price,stop_price,target_price,direction,exit_ts,exit_price,exit_reason,pnl_points,pnl_dollars,category
2026-06-04T04:00:00.071153+00:00,30344.0,30346.25,30340.625,SHORT,2026-06-04 04:01:00+00:00,30340.625,target,3.375,13.5,A_session_block
2026-06-04T04:01:00.092463+00:00,30320.75,30323.0,30317.375,SHORT,2026-06-04 04:02:00+00:00,30317.375,target,3.375,13.5,A_session_block
2026-06-04T04:02:00.237176+00:00,30317.0,30319.25,30313.625,SHORT,2026-06-04 04:03:00+00:00,30319.25,stop,-2.25,-9.0,A_session_block
2026-06-04T04:03:00.631608+00:00,30315.0,30317.25,30311.625,SHORT,2026-06-04 04:04:00+00:00,30317.25,stop,-2.25,-9.0,A_session_block
2026-06-04T04:04:00.700207+00:00,30316.75,30319.0,30313.375,SHORT,2026-06-04 04:05:00+00:00,30313.375,target,3.375,13.5,A_session_block
2026-06-04T04:04:02.461144+00:00,30317.5,30319.75,30314.125,SHORT,2026-06-04 04:05:00+00:00,30314.125,target,3.375,13.5,A_session_block
2026-06-04T04:05:00.811141+00:00,30303.25,30305.5,30299.875,SHORT,2026-06-04 04:06:00+00:00,30299.875,target,3.375,13.5,A_session_block
2026-06-04T04:06:01.270912+00:00,30293.5,30295.75,30290.125,SHORT,2026-06-04 04:07:00+00:00,30295.75,stop,-2.25,-9.0,A_session_block
2026-06-04T04:07:00.867938+00:00,30301.75,30304.0,30298.375,SHORT,2026-06-04 04:08:00+00:00,30304.0,stop,-2.25,-9.0,A_session_block
2026-06-04T04:08:00.866940+00:00,30293.25,30295.5,30289.875,SHORT,2026-06-04 04:09:00+00:00,30295.5,stop,-2.25,-9.0,A_session_block
2026-06-04T04:09:00.904396+00:00,30316.75,30319.0,30313.375,SHORT,2026-06-04 04:11:00+00:00,30313.375,target,3.375,13.5,A_session_block
2026-06-04T04:09:02.554658+00:00,30316.5,30318.75,30313.125,SHORT,2026-06-04 04:11:00+00:00,30318.75,stop,-2.25,-9.0,A_session_block
2026-06-04T04:10:00.952124+00:00,30313.25,30315.5,30309.875,SHORT,2026-06-04 04:11:00+00:00,30315.5,stop,-2.25,-9.0,A_session_block
2026-06-04T04:11:00.994692+00:00,30296.0,30298.25,30292.625,SHORT,2026-06-04 04:12:00+00:00,30298.25,stop,-2.25,-9.0,A_session_block
2026-06-04T04:12:01.042779+00:00,30292.25,30294.5,30288.875,SHORT,2026-06-04 04:13:00+00:00,30288.875,target,3.375,13.5,A_session_block
2026-06-04T04:13:01.155422+00:00,30269.25,30271.5,30265.875,SHORT,2026-06-04 04:14:00+00:00,30271.5,stop,-2.25,-9.0,A_session_block
2026-06-04T04:14:01.247977+00:00,30280.0,30282.25,30276.625,SHORT,2026-06-04 04:15:00+00:00,30276.625,target,3.375,13.5,A_session_block
2026-06-04T04:14:02.593733+00:00,30273.5,30275.75,30270.125,SHORT,2026-06-04 04:15:00+00:00,30270.125,target,3.375,13.5,A_session_block
2026-06-04T04:15:01.251017+00:00,30259.5,30261.75,30256.125,SHORT,2026-06-04 04:16:00+00:00,30261.75,stop,-2.25,-9.0,A_session_block
2026-06-04T04:16:02.066803+00:00,30252.0,30254.25,30248.625,SHORT,2026-06-04 04:17:00+00:00,30254.25,stop,-2.25,-9.0,A_session_block
2026-06-04T04:17:01.589806+00:00,30267.25,30269.5,30263.875,SHORT,2026-06-04 04:18:00+00:00,30269.5,stop,-2.25,-9.0,A_session_block
2026-06-04T04:18:01.687668+00:00,30266.75,30269.0,30263.375,SHORT,2026-06-04 04:19:00+00:00,30269.0,stop,-2.25,-9.0,A_session_block
2026-06-04T04:19:01.749000+00:00,30253.25,30255.5,30249.875,SHORT,2026-06-04 04:20:00+00:00,30255.5,stop,-2.25,-9.0,A_session_block
2026-06-04T04:19:02.650269+00:00,30253.75,30256.0,30250.375,SHORT,2026-06-04 04:20:00+00:00,30256.0,stop,-2.25,-9.0,A_session_block
2026-06-04T04:20:01.769376+00:00,30264.75,30267.0,30261.375,SHORT,2026-06-04 04:21:00+00:00,30267.0,stop,-2.25,-9.0,A_session_block
2026-06-04T04:21:01.896927+00:00,30281.75,30284.0,30278.375,SHORT,2026-06-04 04:22:00+00:00,30284.0,stop,-2.25,-9.0,A_session_block
2026-06-04T04:22:02.010556+00:00,30278.0,30280.25,30274.625,SHORT,2026-06-04 04:23:00+00:00,30280.25,stop,-2.25,-9.0,A_session_block
2026-06-04T04:23:02.189084+00:00,30283.5,30285.75,30280.125,SHORT,2026-06-04 04:24:00+00:00,30285.75,stop,-2.25,-9.0,A_session_block
2026-06-04T04:24:02.279425+00:00,30293.75,30296.0,30290.375,SHORT,2026-06-04 04:26:00+00:00,30296.0,stop,-2.25,-9.0,A_session_block
2026-06-04T04:24:02.720171+00:00,30293.75,30296.0,30290.375,SHORT,2026-06-04 04:26:00+00:00,30296.0,stop,-2.25,-9.0,A_session_block
2026-06-04T04:25:02.445635+00:00,30290.0,30292.25,30286.625,SHORT,2026-06-04 04:26:00+00:00,30292.25,stop,-2.25,-9.0,A_session_block
2026-06-04T04:26:02.976566+00:00,30311.25,30313.5,30307.875,SHORT,2026-06-04 04:27:00+00:00,30307.875,target,3.375,13.5,A_session_block
2026-06-04T04:27:02.664973+00:00,30293.0,30295.25,30289.625,SHORT,2026-06-04 04:29:00+00:00,30295.25,stop,-2.25,-9.0,A_session_block
2026-06-04T04:28:02.723177+00:00,30304.5,30306.75,30301.125,SHORT,2026-06-04 04:29:00+00:00,30306.75,stop,-2.25,-9.0,A_session_block
2026-06-04T04:29:02.873674+00:00,30297.75,30300.0,30294.375,SHORT,2026-06-04 04:31:00+00:00,30300.0,stop,-2.25,-9.0,A_session_block
2026-06-04T04:29:02.890722+00:00,30297.75,30300.0,30294.375,SHORT,2026-06-04 04:31:00+00:00,30300.0,stop,-2.25,-9.0,A_session_block
2026-06-04T04:30:03.158904+00:00,30304.25,30306.5,30300.875,SHORT,2026-06-04 04:31:00+00:00,30306.5,stop,-2.25,-9.0,A_session_block
2026-06-04T04:31:03.172500+00:00,30300.75,30303.0,30297.375,SHORT,2026-06-04 04:33:00+00:00,30303.0,stop,-2.25,-9.0,A_session_block
2026-06-04T04:32:03.441405+00:00,30313.75,30316.0,30310.375,SHORT,2026-06-04 04:33:00+00:00,30316.0,stop,-2.25,-9.0,A_session_block
2026-06-04T04:34:02.946627+00:00,30315.25,30313.0,30318.625,LONG,2026-06-04 04:36:00+00:00,30318.625,target,3.375,13.5,A_session_block
2026-06-04T04:36:05.170425+00:00,30326.75,30324.5,30330.125,LONG,2026-06-04 04:37:00+00:00,30324.5,stop,-2.25,-9.0,A_session_block
2026-06-04T04:40:05.111470+00:00,30306.25,30308.5,30302.875,SHORT,2026-06-04 04:42:00+00:00,30308.5,stop,-2.25,-9.0,A_session_block
2026-06-04T04:43:05.686477+00:00,30299.25,30301.5,30295.875,SHORT,2026-06-04 04:45:00+00:00,30301.5,stop,-2.25,-9.0,A_session_block
2026-06-04T04:44:04.961626+00:00,30300.5,30302.75,30297.125,SHORT,2026-06-04 04:45:00+00:00,30302.75,stop,-2.25,-9.0,A_session_block
2026-06-04T04:44:07.038891+00:00,30299.25,30301.5,30295.875,SHORT,2026-06-04 04:45:00+00:00,30301.5,stop,-2.25,-9.0,A_session_block
2026-06-04T04:45:07.157700+00:00,30300.25,30302.5,30296.875,SHORT,2026-06-04 04:46:00+00:00,30302.5,stop,-2.25,-9.0,A_session_block
2026-06-04T04:46:07.861178+00:00,30308.0,30310.25,30304.625,SHORT,2026-06-04 04:47:00+00:00,30310.25,stop,-2.25,-9.0,A_session_block
2026-06-04T04:49:05.161484+00:00,30329.25,30327.0,30332.625,LONG,2026-06-04 04:51:00+00:00,30327.0,stop,-2.25,-9.0,A_session_block
2026-06-04T04:49:07.689566+00:00,30332.0,30329.75,30335.375,LONG,2026-06-04 04:51:00+00:00,30329.75,stop,-2.25,-9.0,A_session_block
2026-06-04T04:51:07.989083+00:00,30324.5,30326.75,30321.125,SHORT,2026-06-04 04:52:00+00:00,30326.75,stop,-2.25,-9.0,A_session_block
2026-06-04T04:53:08.337911+00:00,30337.75,30335.5,30341.125,LONG,2026-06-04 04:54:00+00:00,30335.5,stop,-2.25,-9.0,A_session_block
2026-06-04T04:54:06.016671+00:00,30336.0,30333.75,30339.375,LONG,2026-06-04 04:56:00+00:00,30339.375,target,3.375,13.5,A_session_block
2026-06-04T04:54:09.713471+00:00,30336.25,30334.0,30339.625,LONG,2026-06-04 04:56:00+00:00,30339.625,target,3.375,13.5,A_session_block
2026-06-04T04:55:09.761551+00:00,30347.0,30344.75,30350.375,LONG,2026-06-04 04:56:00+00:00,30344.75,stop,-2.25,-9.0,A_session_block
2026-06-04T04:56:10.433939+00:00,30340.25,30338.0,30343.625,LONG,2026-06-04 04:58:00+00:00,30338.0,stop,-2.25,-9.0,A_session_block
2026-06-04T04:57:10.452678+00:00,30342.0,30339.75,30345.375,LONG,2026-06-04 04:58:00+00:00,30339.75,stop,-2.25,-9.0,A_session_block
2026-06-04T04:58:10.473141+00:00,30338.25,30336.0,30341.625,LONG,2026-06-04 05:00:00+00:00,30336.0,stop,-2.25,-9.0,A_session_block
2026-06-04T04:59:10.700099+00:00,30333.0,30335.25,30329.625,SHORT,2026-06-04 05:00:00+00:00,30335.25,stop,-2.25,-9.0,A_session_block
2026-05-28T10:25:50.308183+00:00,30246.25,30244.0,30249.625,LONG,2026-05-28 10:26:00+00:00,30249.625,target,3.375,13.5,B_signal_rrelax
2026-06-01T08:55:03.413504+00:00,30375.5,30377.75,30372.125,SHORT,2026-06-01 08:56:00+00:00,30372.125,target,3.375,13.5,B_signal_rrelax
2026-06-01T10:21:38.324621+00:00,30478.75,30476.5,30482.125,LONG,2026-06-01 10:22:00+00:00,30482.125,target,3.375,13.5,B_signal_rrelax
2026-06-01T10:29:38.968778+00:00,30486.0,30483.75,30489.375,LONG,2026-06-01 10:30:00+00:00,30483.75,stop,-2.25,-9.0,B_signal_rrelax
2026-06-02T09:02:54.042824+00:00,30587.25,30585.0,30590.625,LONG,2026-06-02 09:03:00+00:00,30585.0,stop,-2.25,-9.0,B_signal_rrelax
2026-06-02T09:05:56.264278+00:00,30604.75,30602.5,30608.125,LONG,2026-06-02 09:06:00+00:00,30602.5,stop,-2.25,-9.0,B_signal_rrelax
2026-06-02T09:06:54.215339+00:00,30616.75,30614.5,30620.125,LONG,2026-06-02 09:07:00+00:00,30614.5,stop,-2.25,-9.0,B_signal_rrelax
2026-06-02T09:07:46.925799+00:00,30612.75,30610.5,30616.125,LONG,2026-06-02 09:08:00+00:00,30610.5,stop,-2.25,-9.0,B_signal_rrelax
2026-06-02T09:08:04.114833+00:00,30611.0,30608.75,30614.375,LONG,2026-06-02 09:09:00+00:00,30608.75,stop,-2.25,-9.0,B_signal_rrelax
2026-06-02T09:08:54.326495+00:00,30616.0,30613.75,30619.375,LONG,2026-06-02 09:09:00+00:00,30613.75,stop,-2.25,-9.0,B_signal_rrelax
2026-06-02T09:09:54.477006+00:00,30616.25,30614.0,30619.625,LONG,2026-06-02 09:10:00+00:00,30614.0,stop,-2.25,-9.0,B_signal_rrelax
2026-06-02T09:10:54.492100+00:00,30608.25,30606.0,30611.625,LONG,2026-06-02 09:11:00+00:00,30606.0,stop,-2.25,-9.0,B_signal_rrelax
2026-06-02T09:12:54.668158+00:00,30631.75,30629.5,30635.125,LONG,2026-06-02 09:13:00+00:00,30635.125,target,3.375,13.5,B_signal_rrelax
2026-06-02T09:13:54.713868+00:00,30645.75,30643.5,30649.125,LONG,2026-06-02 09:14:00+00:00,30643.5,stop,-2.25,-9.0,B_signal_rrelax
2026-06-02T09:15:54.609888+00:00,30625.75,30623.5,30629.125,LONG,2026-06-02 09:16:00+00:00,30623.5,stop,-2.25,-9.0,B_signal_rrelax
2026-06-02T09:37:47.119389+00:00,30609.25,30607.0,30612.625,LONG,2026-06-02 09:38:00+00:00,30607.0,stop,-2.25,-9.0,B_signal_rrelax
2026-06-02T09:38:05.824099+00:00,30608.75,30606.5,30612.125,LONG,2026-06-02 09:39:00+00:00,30606.5,stop,-2.25,-9.0,B_signal_rrelax
2026-06-02T09:38:55.722156+00:00,30610.0,30607.75,30613.375,LONG,2026-06-02 09:39:00+00:00,30607.75,stop,-2.25,-9.0,B_signal_rrelax
2026-06-02T10:17:47.552663+00:00,30668.75,30666.5,30672.125,LONG,2026-06-02 10:18:00+00:00,30666.5,stop,-2.25,-9.0,B_signal_rrelax
2026-06-02T10:17:58.734064+00:00,30668.25,30666.0,30671.625,LONG,2026-06-02 10:18:00+00:00,30666.0,stop,-2.25,-9.0,B_signal_rrelax
2026-06-02T10:18:58.385473+00:00,30665.0,30662.75,30668.375,LONG,2026-06-02 10:19:00+00:00,30662.75,stop,-2.25,-9.0,B_signal_rrelax
2026-06-02T10:20:58.531194+00:00,30671.0,30668.75,30674.375,LONG,2026-06-02 10:21:00+00:00,30674.375,target,3.375,13.5,B_signal_rrelax
2026-06-02T10:21:58.638884+00:00,30671.5,30669.25,30674.875,LONG,2026-06-02 10:22:00+00:00,30674.875,target,3.375,13.5,B_signal_rrelax
2026-06-02T10:22:58.706263+00:00,30675.0,30672.75,30678.375,LONG,2026-06-02 10:23:00+00:00,30672.75,stop,-2.25,-9.0,B_signal_rrelax
2026-06-02T10:37:48.046941+00:00,30677.0,30674.75,30680.375,LONG,2026-06-02 10:38:00+00:00,30674.75,stop,-2.25,-9.0,B_signal_rrelax
2026-06-02T10:38:00.769940+00:00,30677.0,30674.75,30680.375,LONG,2026-06-02 10:39:00+00:00,30680.375,target,3.375,13.5,B_signal_rrelax
2026-06-02T10:39:00.317960+00:00,30681.25,30679.0,30684.625,LONG,2026-06-02 10:40:00+00:00,30679.0,stop,-2.25,-9.0,B_signal_rrelax
2026-06-02T10:40:00.350531+00:00,30675.75,30673.5,30679.125,LONG,2026-06-02 10:41:00+00:00,30679.125,target,3.375,13.5,B_signal_rrelax
2026-06-02T10:41:00.518383+00:00,30679.25,30677.0,30682.625,LONG,2026-06-02 10:42:00+00:00,30677.0,stop,-2.25,-9.0,B_signal_rrelax
2026-06-02T10:43:00.756169+00:00,30680.75,30678.5,30684.125,LONG,2026-06-02 10:44:00+00:00,30678.5,stop,-2.25,-9.0,B_signal_rrelax
2026-06-04T05:05:12.547505+00:00,30315.5,30317.75,30312.125,SHORT,2026-06-04 05:08:00+00:00,30317.75,stop,-2.25,-9.0,B_signal_rrelax
2026-06-04T12:39:00+00:00,30517.75,30515.5,30521.125,LONG,2026-06-04 12:40:00+00:00,30515.5,stop,-2.25,-9.0,baseline_random
2026-06-04T04:13:00+00:00,30275.75,30278.0,30272.375,SHORT,2026-06-04 04:14:00+00:00,30278.0,stop,-2.25,-9.0,baseline_random
2026-05-28T14:01:00+00:00,30290.0,30292.25,30286.625,SHORT,2026-05-28 14:02:00+00:00,30292.25,stop,-2.25,-9.0,baseline_random
2026-06-01T06:36:00+00:00,30484.75,30482.5,30488.125,LONG,2026-06-01 06:38:00+00:00,30488.125,target,3.375,13.5,baseline_random
2026-06-01T01:45:00+00:00,30573.0,30570.75,30576.375,LONG,2026-06-01 01:48:00+00:00,30576.375,target,3.375,13.5,baseline_random
2026-06-02T08:49:00+00:00,30548.5,30550.75,30545.125,SHORT,2026-06-02 08:50:00+00:00,30550.75,stop,-2.25,-9.0,baseline_random
2026-05-28T08:12:00+00:00,30041.0,30043.25,30037.625,SHORT,2026-05-28 08:14:00+00:00,30043.25,stop,-2.25,-9.0,baseline_random
2026-06-04T14:35:00+00:00,30592.5,30594.75,30589.125,SHORT,2026-06-04 14:36:00+00:00,30594.75,stop,-2.25,-9.0,baseline_random
2026-06-01T11:02:00+00:00,30520.5,30522.75,30517.125,SHORT,2026-06-01 11:03:00+00:00,30517.125,target,3.375,13.5,baseline_random
2026-06-02T08:08:00+00:00,30490.0,30487.75,30493.375,LONG,2026-06-02 08:09:00+00:00,30487.75,stop,-2.25,-9.0,baseline_random
2026-06-02T18:21:00+00:00,30610.75,30613.0,30607.375,SHORT,2026-06-02 18:22:00+00:00,30613.0,stop,-2.25,-9.0,baseline_random
2026-06-02T07:36:00+00:00,30541.25,30539.0,30544.625,LONG,2026-06-02 07:38:00+00:00,30539.0,stop,-2.25,-9.0,baseline_random
2026-06-01T07:17:00+00:00,30427.0,30424.75,30430.375,LONG,2026-06-01 07:18:00+00:00,30424.75,stop,-2.25,-9.0,baseline_random
2026-06-02T14:26:00+00:00,30681.75,30684.0,30678.375,SHORT,2026-06-02 14:27:00+00:00,30678.375,target,3.375,13.5,baseline_random
2026-06-04T04:18:00+00:00,30260.25,30262.5,30256.875,SHORT,2026-06-04 04:19:00+00:00,30262.5,stop,-2.25,-9.0,baseline_random
2026-06-04T05:32:00+00:00,30283.5,30281.25,30286.875,LONG,2026-06-04 05:34:00+00:00,30281.25,stop,-2.25,-9.0,baseline_random
2026-06-01T10:03:00+00:00,30428.0,30430.25,30424.625,SHORT,2026-06-01 10:04:00+00:00,30430.25,stop,-2.25,-9.0,baseline_random
2026-06-02T15:15:00+00:00,30747.5,30745.25,30750.875,LONG,2026-06-02 15:18:00+00:00,30750.875,target,3.375,13.5,baseline_random
2026-06-02T15:53:00+00:00,30742.25,30744.5,30738.875,SHORT,2026-06-02 15:58:00+00:00,30744.5,stop,-2.25,-9.0,baseline_random
2026-06-02T07:21:00+00:00,30539.5,30537.25,30542.875,LONG,2026-06-02 07:22:00+00:00,30542.875,target,3.375,13.5,baseline_random
2026-05-28T14:36:00+00:00,30323.5,30325.75,30320.125,SHORT,2026-05-28 14:37:00+00:00,30320.125,target,3.375,13.5,baseline_random
2026-06-04T14:19:00+00:00,30537.0,30539.25,30533.625,SHORT,2026-06-04 14:20:00+00:00,30539.25,stop,-2.25,-9.0,baseline_random
2026-06-04T12:55:00+00:00,30546.25,30544.0,30549.625,LONG,2026-06-04 12:56:00+00:00,30549.625,target,3.375,13.5,baseline_random
2026-06-02T12:43:00+00:00,30632.75,30630.5,30636.125,LONG,2026-06-02 12:44:00+00:00,30630.5,stop,-2.25,-9.0,baseline_random
2026-06-01T08:27:00+00:00,30305.75,30308.0,30302.375,SHORT,2026-06-01 08:28:00+00:00,30308.0,stop,-2.25,-9.0,baseline_random
2026-06-02T14:04:00+00:00,30666.75,30664.5,30670.125,LONG,2026-06-02 14:05:00+00:00,30664.5,stop,-2.25,-9.0,baseline_random
2026-06-01T08:14:00+00:00,30347.25,30345.0,30350.625,LONG,2026-06-01 08:15:00+00:00,30345.0,stop,-2.25,-9.0,baseline_random
2026-05-28T01:49:00+00:00,29901.5,29899.25,29904.875,LONG,2026-05-28 01:51:00+00:00,29899.25,stop,-2.25,-9.0,baseline_random
2026-06-04T12:35:00+00:00,30524.75,30522.5,30528.125,LONG,2026-06-04 12:36:00+00:00,30528.125,target,3.375,13.5,baseline_random
2026-05-28T08:17:00+00:00,30039.5,30041.75,30036.125,SHORT,2026-05-28 08:18:00+00:00,30041.75,stop,-2.25,-9.0,baseline_random
2026-05-28T13:01:00+00:00,30312.75,30310.5,30316.125,LONG,2026-05-28 13:03:00+00:00,30316.125,target,3.375,13.5,baseline_random
2026-06-04T04:01:00+00:00,30312.75,30310.5,30316.125,LONG,2026-06-04 04:02:00+00:00,30310.5,stop,-2.25,-9.0,baseline_random
2026-05-28T01:18:00+00:00,29927.75,29930.0,29924.375,SHORT,2026-05-28 01:21:00+00:00,29930.0,stop,-2.25,-9.0,baseline_random
2026-06-04T10:58:00+00:00,30420.5,30418.25,30423.875,LONG,2026-06-04 10:59:00+00:00,30418.25,stop,-2.25,-9.0,baseline_random
2026-06-01T09:36:00+00:00,30421.75,30424.0,30418.375,SHORT,2026-06-01 09:37:00+00:00,30424.0,stop,-2.25,-9.0,baseline_random
2026-05-28T09:04:00+00:00,29992.75,29990.5,29996.125,LONG,2026-05-28 09:05:00+00:00,29990.5,stop,-2.25,-9.0,baseline_random
2026-05-27T23:15:00+00:00,29791.25,29793.5,29787.875,SHORT,2026-05-27 23:17:00+00:00,29793.5,stop,-2.25,-9.0,baseline_random
2026-06-01T07:46:00+00:00,30477.5,30475.25,30480.875,LONG,2026-06-01 07:47:00+00:00,30480.875,target,3.375,13.5,baseline_random
2026-06-01T06:11:00+00:00,30463.0,30465.25,30459.625,SHORT,2026-06-01 06:15:00+00:00,30465.25,stop,-2.25,-9.0,baseline_random
2026-06-04T09:57:00+00:00,30344.5,30346.75,30341.125,SHORT,2026-06-04 09:58:00+00:00,30346.75,stop,-2.25,-9.0,baseline_random
2026-05-28T12:02:00+00:00,30326.5,30324.25,30329.875,LONG,2026-05-28 12:03:00+00:00,30329.875,target,3.375,13.5,baseline_random
2026-05-28T10:12:00+00:00,30224.0,30221.75,30227.375,LONG,2026-05-28 10:13:00+00:00,30221.75,stop,-2.25,-9.0,baseline_random
2026-06-02T04:42:00+00:00,30580.25,30578.0,30583.625,LONG,2026-06-02 04:45:00+00:00,30578.0,stop,-2.25,-9.0,baseline_random
2026-06-01T01:31:00+00:00,30566.0,30563.75,30569.375,LONG,2026-06-01 01:33:00+00:00,30569.375,target,3.375,13.5,baseline_random
2026-05-28T10:41:00+00:00,30273.0,30275.25,30269.625,SHORT,2026-05-28 10:42:00+00:00,30275.25,stop,-2.25,-9.0,baseline_random
2026-06-02T06:30:00+00:00,30558.75,30561.0,30555.375,SHORT,2026-06-02 06:32:00+00:00,30561.0,stop,-2.25,-9.0,baseline_random
2026-06-04T07:18:00+00:00,30243.0,30245.25,30239.625,SHORT,2026-06-04 07:20:00+00:00,30239.625,target,3.375,13.5,baseline_random
2026-06-01T04:14:00+00:00,30483.25,30485.5,30479.875,SHORT,2026-06-01 04:17:00+00:00,30485.5,stop,-2.25,-9.0,baseline_random
2026-05-28T14:15:00+00:00,30289.0,30291.25,30285.625,SHORT,2026-05-28 14:16:00+00:00,30285.625,target,3.375,13.5,baseline_random
2026-06-01T10:36:00+00:00,30549.75,30547.5,30553.125,LONG,2026-06-01 10:37:00+00:00,30547.5,stop,-2.25,-9.0,baseline_random
2026-06-02T08:53:00+00:00,30580.5,30582.75,30577.125,SHORT,2026-06-02 08:54:00+00:00,30577.125,target,3.375,13.5,baseline_random
2026-06-01T06:56:00+00:00,30471.0,30468.75,30474.375,LONG,2026-06-01 07:00:00+00:00,30468.75,stop,-2.25,-9.0,baseline_random
2026-06-04T12:01:00+00:00,30479.0,30476.75,30482.375,LONG,2026-06-04 12:02:00+00:00,30482.375,target,3.375,13.5,baseline_random
2026-06-04T14:48:00+00:00,30534.5,30536.75,30531.125,SHORT,2026-06-04 14:49:00+00:00,30536.75,stop,-2.25,-9.0,baseline_random
2026-06-04T03:34:00+00:00,30385.25,30383.0,30388.625,LONG,2026-06-04 03:36:00+00:00,30383.0,stop,-2.25,-9.0,baseline_random
2026-05-28T12:18:00+00:00,30305.25,30307.5,30301.875,SHORT,2026-05-28 12:19:00+00:00,30307.5,stop,-2.25,-9.0,baseline_random
2026-05-28T13:27:00+00:00,30320.5,30318.25,30323.875,LONG,2026-05-28 13:28:00+00:00,30318.25,stop,-2.25,-9.0,baseline_random
2026-05-28T08:35:00+00:00,30015.0,30017.25,30011.625,SHORT,2026-05-28 08:36:00+00:00,30017.25,stop,-2.25,-9.0,baseline_random
